{"mass_1": {
    "mass_1": [
        9.977948941368057,
        17.510244564454396,
        27.50039546344395,
        38.305696403107305,
        84.13576032474337,
        57.344288555263645,
        68.25303766370779,
        77.62528934059678,
        106.53447321840684,
        92.43972743763176
    ],
    "mass_2": [
        3.485755486393244,
        13.443417804869863,
        22.568573754939163,
        31.06999390711185,
        24.73328635368932,
        50.1561981448194,
        58.54981157037759,
        68.23918950678527,
        64.41625927367218,
        91.35584452611913
    ],
    "luminosity_distance": [
        80.0,
        80.0,
        80.0,
        80.0,
        80.0,
        80.0,
        80.0,
        80.0,
        80.0,
        80.0
    ],
    "theta_jn": [
        1.1241815967903415,
        1.3097417522558432,
        3.939841296107245,
        4.140471609449504,
        3.253747326504064,
        3.8386905201350667,
        4.408313297032025,
        0.36242936923617447,
        3.685999906965358,
        2.401022787386336
    ],
    "psi": [
        1.5807842768837286,
        2.734881366260064,
        5.8761408761125855,
        4.484058930596782,
        0.5990353476952862,
        4.08404094528796,
        3.6630423643647165,
        1.1688590895516924,
        2.9468628080358834,
        3.694978334921696
    ],
    "phase": [
        0.6879751689199329,
        5.787237673791757,
        4.165225274366365,
        1.7015670330120771,
        1.316989690843167,
        0.1449217884980745,
        1.4135217582587427,
        2.9018099076425474,
        4.172554456176596,
        2.0747898230767663
    ],
    "ra": [
        4.503762790586938,
        4.895318254457303,
        1.895438026697629,
        0.6800387923804133,
        3.9410273052281055,
        4.2136495431472625,
        0.5486484620594235,
        1.7928485544550572,
        6.1536874508926545,
        2.3363598359192497
    ],
    "dec": [
        2.9310440012206445,
        0.3805547842030273,
        3.062108186647005,
        2.369102425173774,
        1.4882691817903106,
        0.3455665390761256,
        0.8059226785613682,
        1.7201533736661845,
        1.7669140294619672,
        0.9827217843190995
    ],
    "L1": [
        45.89139283865024,
        87.4619643067847,
        213.09712544286268,
        119.04370004984489,
        571.0747449316921,
        86.1540204535445,
        315.1845618019832,
        563.8701859264212,
        0.0,
        183.7808335855235
    ],
    "H1": [
        47.50882110166712,
        90.02826752193145,
        219.74913594807617,
        202.55210218598333,
        713.0474016846696,
        289.5559129782436,
        305.3875722295804,
        698.0259663301264,
        0.0,
        223.45704593660466
    ],
    "V1": [
        68.42829138017663,
        45.361582881573526,
        142.1694389123555,
        125.30481966250261,
        514.9041155803269,
        259.57584083679893,
        164.80232425726913,
        417.37034896803385,
        0.0,
        486.0269512961553
    ],
    "optimal_snr_net": [
        95.10803898909853,
        133.4629437519029,
        337.5088398584416,
        266.2706413635772,
        1048.6606741885644,
        398.30234637408944,
        468.78852732461735,
        989.6402601175348,
        0.0,
        565.6241186144197
    ]
}