{
    "L1": [
        69.33192137647399,
        28.13964732269811,
        32.163617673985385,
        73.02924027691189,
        5.503752188153543,
        50.629699273750916,
        5.171433823066335,
        31.113081773650013
    ],
    "H1": [
        86.7832297761373,
        29.1843857529574,
        20.808710338674484,
        69.45319505294569,
        11.196435802877163,
        13.720225256565115,
        8.961356137669872,
        39.46114286066179
    ],
    "V1": [
        59.033050967694244,
        27.61137800347058,
        51.76286527634015,
        56.0158331790816,
        11.869609554626697,
        24.000008623394436,
        16.900425791661654,
        43.02038857285817
    ],
    "snr_net": [
        125.79008465966545,
        49.050548605227576,
        64.3963892578901,
        115.30303467486078,
        17.220310502886985,
        57.685452616446966,
        19.816004227693597,
        66.15103541353754
    ]
}