{
    "L1": [
        30.753454574255073,
        35.70492782448658,
        11.422096749083117,
        56.22617099294811,
        73.43763478332608,
        27.740033424174204,
        11.163143940805353,
        51.281719393182875,
        124.04787277736554,
        49.97313876879412,
        27.125022375603276,
        93.55672695923673,
        66.36947858738199,
        79.29164778918262,
        4.750153953291995,
        29.112417213091693,
        21.215434455046616,
        84.82582024479187,
        81.55973227399858,
        25.03968848859538
    ],
    "H1": [
        36.98782686346446,
        8.969583209436209,
        10.72746178480407,
        101.37158618876065,
        67.42860456570065,
        57.93428343284455,
        13.561679925857199,
        61.59555989687125,
        110.10859052377525,
        54.57997381361622,
        18.07608430782874,
        71.11002966038892,
        81.27500226887284,
        84.75019660557805,
        6.915639645151264,
        32.07335547820208,
        19.069799264282285,
        95.71368119425723,
        79.14657963324404,
        26.547325597324953
    ],
    "V1": [
        33.49062850531403,
        31.580097252783247,
        25.97987332185004,
        51.58489354454009,
        54.67817741398976,
        29.95745754770211,
        11.593397267277302,
        33.43280379013902,
        89.47194776610215,
        43.50424243452092,
        29.047067626807276,
        102.58152687069139,
        59.69492657321005,
        70.06346420741805,
        3.291627118529397,
        35.51206402292261,
        10.972379459335011,
        91.59660545198759,
        24.30425499788546,
        33.50547291770492
    ],
    "snr_net": [
        58.613108619261496,
        48.503585809690854,
        30.339686028520834,
        126.88018770854299,
        113.70754593061336,
        70.8755240825339,
        21.046182676472476,
        86.84227145923889,
        188.4595603432789,
        85.84233949340941,
        43.6605519948732,
        155.98867629654706,
        120.72289733247452,
        135.56788060064991,
        9.012482641814163,
        56.011959962032996,
        30.563785990875495,
        157.31009719113626,
        116.21905096519248,
        49.54153016828748
    ]
}