{"mass_1": {
    "mass_1": [
        6.560153941656388,
        22.755963056899915,
        44.582703420308114,
        50.65766027347425,
        45.528776106119665,
        68.57635609361917,
        71.1327437241357,
        107.70297636711769,
        90.03142745878554,
        152.52349251731994
    ],
    "mass_2": [
        5.045793998742164,
        10.606043265485605,
        14.730009723240752,
        24.084989470568544,
        42.59664586935614,
        42.3867105300581,
        56.26760967855406,
        50.53554372423052,
        75.393694848621,
        57.92438337162382
    ],
    "luminosity_distance": [
        80.0,
        80.0,
        80.0,
        80.0,
        80.0,
        80.0,
        80.0,
        80.0,
        80.0,
        80.0
    ],
    "theta_jn": [
        0.9263681222179473,
        0.6959795516130824,
        3.5970770139010617,
        0.5786239101700515,
        5.29341457174117,
        1.4182661847283784,
        3.25640973502708,
        6.031947092495487,
        5.693156481203693,
        2.3659427600761056
    ],
    "psi": [
        1.0402695379908817,
        3.081212235103059,
        0.405408476810205,
        4.120002080979988,
        5.545898627911773,
        3.7715016980894016,
        4.658088431620371,
        0.7292866767311545,
        5.291640887908104,
        1.150666379613182
    ],
    "phase": [
        0.7886531781682502,
        3.558672923402363,
        0.8619283547565892,
        4.387423181648533,
        3.58620434062137,
        3.2023676669478056,
        0.19519357835150689,
        5.502537208747601,
        5.33706080052356,
        5.512200353843426
    ],
    "ra": [
        3.5307264165858023,
        6.2246808665299405,
        1.3272055481195206,
        4.0119659747587555,
        1.0785659504153113,
        2.9502278755824682,
        5.724563500447363,
        5.3585105604000045,
        3.483624212676716,
        4.331075550771449
    ],
    "dec": [
        0.4545629994466351,
        3.046828247690789,
        0.2047433380598731,
        0.6055392991013424,
        0.6346887539212025,
        1.413757443572368,
        0.6008218628979229,
        2.8582200323028895,
        1.26976727891559,
        0.47154731504099257
    ],
    "L1": [
        37.97682340486719,
        226.82449340523937,
        273.71665029042015,
        114.06461704745098,
        207.7125882471474,
        91.42317828038273,
        845.6170389560677,
        0.0,
        459.9914737946513,
        0.0
    ],
    "H1": [
        33.59095756154318,
        150.43745600873953,
        292.73054448785234,
        301.9284849853654,
        208.4127460104115,
        169.22430634582514,
        811.5131575359424,
        0.0,
        581.1555701352828,
        0.0
    ],
    "V1": [
        19.366778873204506,
        58.70429445786126,
        362.2078954785671,
        219.52408039386418,
        253.99305196251038,
        187.05742648911004,
        278.910508151947,
        0.0,
        434.7176589106346,
        0.0
    ],
    "optimal_snr_net": [
        54.273968619859225,
        278.4366591645579,
        540.1912030655212,
        390.33622529879466,
        388.70665348197963,
        268.3012191359576,
        1204.7459703125635,
        0.0,
        859.2516486057992,
        0.0
    ]
}