{"slope": -0.003947613886269664, "intercept": 0.019251034718439763}