{"slope": 7.892073680237921e-05, "intercept": -0.007487909269671134}