{"slope": -0.03834135311081257, "intercept": 0.5120537797439614}