{
    "slope": 0.02485956672154896,
    "intercept": -0.21009057878584594
}