{
    "slope": 0.03463693824692991,
    "intercept": -0.16813996345245794
}