{
    "slope": -0.015358901585294984,
    "intercept": 0.05843931431733116
}